date_id,contact_id,date_type,Date_day
1,1,Birthday,
2,2,Birthday,6/7/1986
3,3,Birthday,6/23/1965
4,4,Birthday,
5,5,Birthday,5/11/1972
6,6,Birthday,8/19/1984
7,7,Birthday,
8,8,Birthday,
9,9,Birthday,
10,10,Birthday,
11,11,Birthday,5/13/1987
12,12,Birthday,9/15/1994
13,13,Birthday,11/26/1974
14,14,Birthday,12/1/1993
15,15,Birthday,12/30/1986
16,16,Birthday,
17,17,Birthday,
18,18,Birthday,
19,19,Birthday,
20,20,Birthday,
21,21,Birthday,
22,22,Birthday,
23,23,Birthday,6/11/1986
24,24,Birthday,4/27/1996
25,25,Birthday,12/31/1979
26,26,Birthday,2/25/1994
27,27,Birthday,6/9/1979
28,28,Birthday,11/6/1978
29,29,Birthday,
30,30,Birthday,9/21/1974
31,31,Birthday,
32,32,Birthday,12/2/1971
33,33,Birthday,
34,34,Birthday,3/31/1970
35,35,Birthday,
36,36,Birthday,2/6/1981
37,37,Birthday,9/21/1966
38,38,Birthday,
39,39,Birthday,
40,40,Birthday,8/18/1989
41,41,Birthday,
42,42,Birthday,6/16/1978
43,43,Birthday,12/24/1979
44,44,Birthday,6/5/1981
45,45,Birthday,5/7/1983
46,46,Birthday,11/11/1966
47,47,Birthday,8/6/1969
48,48,Birthday,2/15/1964
49,49,Birthday,3/9/1965
50,50,Birthday,9/13/1991
51,51,Birthday,
52,52,Birthday,2/17/1977
53,53,Birthday,
54,54,Birthday,5/11/1969
55,55,Birthday,
56,56,Birthday,11/7/1967
57,57,Birthday,
58,58,Birthday,4/4/1995
59,59,Birthday,
60,60,Birthday,7/9/1974
61,61,Birthday,
62,62,Birthday,3/21/1964
63,63,Birthday,2/2/1977
64,64,Birthday,2/7/1985
65,65,Birthday,3/14/1978
66,66,Birthday,
67,67,Birthday,
68,68,Birthday,3/23/1981
69,69,Birthday,11/15/1994
70,70,Birthday,
71,71,Birthday,10/3/1992
72,72,Birthday,
73,73,Birthday,
74,74,Birthday,
75,75,Birthday,8/13/1970
76,76,Birthday,
77,77,Birthday,10/1/1976
78,78,Birthday,2/6/1990
79,79,Birthday,
80,80,Birthday,
81,81,Birthday,9/6/1990
82,82,Birthday,3/14/1985
83,83,Birthday,6/13/1978
84,84,Birthday,3/24/1991
85,85,Birthday,
86,86,Birthday,
87,87,Birthday,11/13/1992
88,88,Birthday,
89,89,Birthday,
90,90,Birthday,7/9/1993
91,91,Birthday,3/5/1969
92,92,Birthday,
93,93,Birthday,
94,94,Birthday,
95,95,Birthday,2/20/1965
96,96,Birthday,8/30/1977
97,97,Birthday,6/21/1992
98,98,Birthday,3/25/1993
99,99,Birthday,3/21/1969
100,100,Birthday,
101,101,Birthday,3/19/1966
102,102,Birthday,
103,103,Birthday,5/23/1969
104,104,Birthday,
105,105,Birthday,3/25/1995
106,106,Birthday,
107,107,Birthday,4/11/1993
108,108,Birthday,10/10/1976
109,109,Birthday,
110,110,Birthday,
111,111,Birthday,
112,112,Birthday,
113,113,Birthday,11/17/1964
114,114,Birthday,
115,115,Birthday,5/20/1974
116,116,Birthday,
117,117,Birthday,
118,118,Birthday,7/10/1978
119,119,Birthday,
120,120,Birthday,
121,121,Birthday,
122,122,Birthday,2/4/1994
123,123,Birthday,3/14/1980
124,124,Birthday,
125,125,Birthday,
126,126,Birthday,12/8/1979
127,127,Birthday,9/27/1978
128,128,Birthday,12/25/1979
129,129,Birthday,4/27/1989
130,130,Birthday,9/4/1970
131,131,Birthday,12/28/1969
132,132,Birthday,8/6/1984
133,133,Birthday,
134,134,Birthday,
135,135,Birthday,2/28/1964
136,136,Birthday,8/30/1987
137,137,Birthday,9/1/1968
138,138,Birthday,
139,139,Birthday,12/17/1991
140,140,Birthday,3/15/1972
141,141,Birthday,6/3/1976
142,142,Birthday,2/13/1982
143,143,Birthday,5/27/1993
144,144,Birthday,
145,145,Birthday,12/2/1964
146,146,Birthday,
147,147,Birthday,9/18/1982
148,148,Birthday,
149,149,Birthday,
150,150,Birthday,2/10/1977
151,151,Birthday,4/24/1978
152,152,Birthday,
153,153,Birthday,4/6/1985
154,154,Birthday,
155,155,Birthday,
156,156,Birthday,5/2/1992
157,157,Birthday,
158,158,Birthday,11/8/1974
159,159,Birthday,4/15/1987
160,160,Birthday,
161,161,Birthday,9/24/1972
162,162,Birthday,
163,163,Birthday,
164,164,Birthday,1/8/1980
165,165,Birthday,
166,166,Birthday,5/10/1971
167,167,Birthday,
168,168,Birthday,8/23/1964
169,169,Birthday,9/29/1992
170,170,Birthday,
171,171,Birthday,9/25/1969
172,172,Birthday,9/22/1984
173,173,Birthday,
174,174,Birthday,
175,175,Birthday,1/13/1970
176,176,Birthday,6/27/1981
177,177,Birthday,
178,178,Birthday,
179,179,Birthday,
180,180,Birthday,
181,181,Birthday,12/28/1995
182,182,Birthday,6/29/1964
183,183,Birthday,4/8/1966
184,184,Birthday,
185,185,Birthday,
186,186,Birthday,
187,187,Birthday,
188,188,Birthday,6/26/1988
189,189,Birthday,5/10/1977
190,190,Birthday,
191,191,Birthday,
192,192,Birthday,
193,193,Birthday,
194,194,Birthday,
195,195,Birthday,
196,196,Birthday,7/9/1965
197,197,Birthday,
198,198,Birthday,12/20/1993
199,199,Birthday,
200,200,Birthday,
201,201,Birthday,1/3/1996
202,202,Birthday,11/12/1967
203,203,Birthday,10/8/1973
204,204,Birthday,6/5/1975
205,205,Birthday,6/13/1974
206,206,Birthday,
207,207,Birthday,5/6/1973
208,208,Birthday,2/8/1981
209,209,Birthday,7/19/1975
210,210,Birthday,
211,211,Birthday,10/5/1972
212,212,Birthday,9/19/1969
213,213,Birthday,4/16/1977
214,214,Birthday,1/2/1981
215,215,Birthday,
216,216,Birthday,
217,217,Birthday,
218,218,Birthday,11/30/1990
219,219,Birthday,3/16/1982
220,220,Birthday,5/25/1971
221,221,Birthday,
222,222,Birthday,
223,223,Birthday,10/26/1977
224,224,Birthday,9/11/1971
225,225,Birthday,12/3/1984
226,226,Birthday,
227,227,Birthday,10/29/1965
228,228,Birthday,
229,229,Birthday,
230,230,Birthday,6/24/1977
231,231,Birthday,8/17/1979
232,232,Birthday,12/28/1984
233,233,Birthday,12/6/1970
234,234,Birthday,1/19/1985
235,235,Birthday,3/25/1981
236,236,Birthday,6/10/1985
237,237,Birthday,1/27/1993
238,238,Birthday,
239,239,Birthday,3/3/1969
240,240,Birthday,4/1/1992
241,241,Birthday,
242,242,Birthday,10/26/1987
243,243,Birthday,
244,244,Birthday,
245,245,Birthday,3/25/1990
246,246,Birthday,
247,247,Birthday,
248,248,Birthday,1/13/1966
249,249,Birthday,
250,250,Birthday,3/2/1970
251,251,Birthday,10/10/1984
252,252,Birthday,9/23/1977
253,253,Birthday,3/26/1989
254,254,Birthday,
255,255,Birthday,7/17/1971
256,256,Birthday,
257,257,Birthday,
258,258,Birthday,
259,259,Birthday,4/6/1991
260,260,Birthday,10/17/1969
261,261,Birthday,12/4/1986
262,262,Birthday,
263,263,Birthday,
264,264,Birthday,
265,265,Birthday,9/28/1976
266,266,Birthday,12/31/1982
267,267,Birthday,6/14/1992
268,268,Birthday,11/25/1993
269,269,Birthday,3/6/1991
270,270,Birthday,5/21/1986
271,271,Birthday,2/14/1964
272,272,Birthday,8/24/1984
273,273,Birthday,10/31/1963
274,274,Birthday,2/13/1969
275,275,Birthday,
276,276,Birthday,6/22/1966
277,277,Birthday,
278,278,Birthday,7/30/1974
279,279,Birthday,
280,280,Birthday,
281,281,Birthday,
282,282,Birthday,10/8/1979
283,283,Birthday,2/15/1974
284,284,Birthday,1/25/1992
285,285,Birthday,
286,286,Birthday,12/8/1970
287,287,Birthday,7/2/1965
288,288,Birthday,
289,289,Birthday,11/6/1968
290,290,Birthday,
291,291,Birthday,4/27/1971
292,292,Birthday,9/11/1991
293,293,Birthday,12/11/1982
294,294,Birthday,
295,295,Birthday,10/13/1975
296,296,Birthday,1/2/1996
297,297,Birthday,
298,298,Birthday,11/6/1980
299,299,Birthday,6/29/1974
300,300,Birthday,
301,301,Birthday,11/22/1987
302,302,Birthday,1/8/1964
303,303,Birthday,
304,304,Birthday,12/13/1970
305,305,Birthday,
306,306,Birthday,9/20/1981
307,307,Birthday,
308,308,Birthday,8/11/1983
309,309,Birthday,2/15/1991
310,310,Birthday,5/2/1983
311,311,Birthday,10/24/1979
312,312,Birthday,
313,313,Birthday,1/21/1970
314,314,Birthday,8/6/1994
315,315,Birthday,4/25/1982
316,316,Birthday,10/3/1966
317,317,Birthday,6/14/1965
318,318,Birthday,
319,319,Birthday,
320,320,Birthday,
321,321,Birthday,8/11/1991
322,322,Birthday,
323,323,Birthday,1/10/1964
324,324,Birthday,2/19/1966
325,325,Birthday,12/2/1977
326,326,Birthday,
327,327,Birthday,
328,328,Birthday,6/10/1991
329,329,Birthday,11/4/1967
330,330,Birthday,12/26/1978
331,331,Birthday,8/22/1991
332,332,Birthday,4/1/1996
333,333,Birthday,
334,334,Birthday,11/2/1994
335,335,Birthday,
336,336,Birthday,4/8/1971
337,337,Birthday,10/25/1986
338,338,Birthday,2/2/1974
339,339,Birthday,5/1/1978
340,340,Birthday,3/26/1975
341,341,Birthday,
342,342,Birthday,
343,343,Birthday,11/26/1971
344,344,Birthday,8/24/1977
345,345,Birthday,
346,346,Birthday,
347,347,Birthday,11/21/1969
348,348,Birthday,
349,349,Birthday,11/30/1978
350,350,Birthday,7/14/1994
351,351,Birthday,
352,352,Birthday,
353,353,Birthday,
354,354,Birthday,
355,355,Birthday,4/9/1988
356,356,Birthday,
357,357,Birthday,
358,358,Birthday,
359,359,Birthday,4/23/1973
360,360,Birthday,
361,361,Birthday,4/9/1965
362,362,Birthday,5/23/1975
363,363,Birthday,4/11/1974
364,364,Birthday,
365,365,Birthday,3/20/1991
366,366,Birthday,4/21/1982
367,367,Birthday,3/10/1987
368,368,Birthday,
369,369,Birthday,
370,370,Birthday,
371,371,Birthday,
372,372,Birthday,
373,373,Birthday,10/10/1980
374,374,Birthday,8/2/1970
375,375,Birthday,
376,376,Birthday,2/13/1973
377,377,Birthday,7/7/1994
378,378,Birthday,3/22/1990
379,379,Birthday,7/4/1971
380,380,Birthday,4/19/1983
381,381,Birthday,
382,382,Birthday,
383,383,Birthday,5/3/1983
384,384,Birthday,
385,385,Birthday,
386,386,Birthday,
387,387,Birthday,11/18/1982
388,388,Birthday,5/29/1981
389,389,Birthday,5/10/1980
390,390,Birthday,5/17/1966
391,391,Birthday,12/24/1980
392,392,Birthday,5/1/1974
393,393,Birthday,1/4/1970
394,394,Birthday,1/23/1980
395,395,Birthday,8/10/1989
396,396,Birthday,5/7/1988
397,397,Birthday,12/12/1966
398,398,Birthday,1/3/1990
399,399,Birthday,6/11/1979
400,400,Birthday,
401,401,Birthday,2/10/1996
402,402,Birthday,4/2/1966
403,403,Birthday,
404,404,Birthday,
405,405,Birthday,
406,406,Birthday,11/14/1996
407,407,Birthday,12/12/1967
408,408,Birthday,3/25/1982
409,409,Birthday,3/27/1976
410,410,Birthday,
411,411,Birthday,5/17/1989
412,412,Birthday,4/4/1969
413,413,Birthday,
414,414,Birthday,
415,415,Birthday,3/5/1969
416,416,Birthday,10/20/1965
417,417,Birthday,2/13/1975
418,418,Birthday,
419,419,Birthday,3/11/1979
420,420,Birthday,
421,421,Birthday,8/29/1981
422,422,Birthday,
423,423,Birthday,
424,424,Birthday,3/13/1994
425,425,Birthday,
426,426,Birthday,6/30/1984
427,427,Birthday,4/9/1968
428,428,Birthday,
429,429,Birthday,9/27/1980
430,430,Birthday,3/11/1982
431,431,Birthday,4/30/1966
432,432,Birthday,9/14/1977
433,433,Birthday,
434,434,Birthday,
435,435,Birthday,
436,436,Birthday,
437,437,Birthday,
438,438,Birthday,8/17/1964
439,439,Birthday,12/11/1968
440,440,Birthday,9/20/1987
441,441,Birthday,4/16/1989
442,442,Birthday,2/11/1975
443,443,Birthday,12/19/1994
444,444,Birthday,7/17/1972
445,445,Birthday,
446,446,Birthday,
447,447,Birthday,7/5/1973
448,448,Birthday,2/4/1983
449,449,Birthday,5/8/1977
450,450,Birthday,1/9/1968
451,451,Birthday,7/2/1989
452,452,Birthday,12/30/1969
453,453,Birthday,2/17/1968
454,454,Birthday,
455,455,Birthday,10/9/1964
456,456,Birthday,12/19/1982
457,457,Birthday,
458,458,Birthday,8/22/1975
459,459,Birthday,
460,460,Birthday,6/5/1977
461,461,Birthday,6/11/1988
462,462,Birthday,
463,463,Birthday,
464,464,Birthday,7/10/1991
465,465,Birthday,1/7/1975
466,466,Birthday,
467,467,Birthday,3/26/1994
468,468,Birthday,1/2/1973
469,469,Birthday,10/27/1976
470,470,Birthday,4/6/1966
471,471,Birthday,
472,472,Birthday,8/13/1972
473,473,Birthday,3/2/1980
474,474,Birthday,6/20/1987
475,475,Birthday,
476,476,Birthday,11/25/1981
477,477,Birthday,
478,478,Birthday,
479,479,Birthday,
480,480,Birthday,
481,481,Birthday,
482,482,Birthday,
483,483,Birthday,
484,484,Birthday,
485,485,Birthday,12/3/1974
486,486,Birthday,5/14/1970
487,487,Birthday,
488,488,Birthday,9/29/1995
489,489,Birthday,8/3/1988
490,490,Birthday,
491,491,Birthday,9/12/1970
492,492,Birthday,9/9/1986
493,493,Birthday,
494,494,Birthday,4/24/1974
495,495,Birthday,12/7/1972
496,496,Birthday,
497,497,Birthday,2/12/1970
498,498,Birthday,10/7/1972
499,499,Birthday,1/14/1989
500,500,Birthday,
501,501,Birthday,5/20/1983
502,502,Birthday,8/11/1976
503,503,Birthday,
504,504,Birthday,10/17/1971
505,505,Birthday,6/23/1966
506,506,Birthday,7/31/1980
507,507,Birthday,5/31/1979
508,508,Birthday,1/17/1992
509,509,Birthday,
510,510,Birthday,
511,511,Birthday,
512,512,Birthday,5/14/1989
513,513,Birthday,10/29/1995
514,514,Birthday,10/25/1972
515,515,Birthday,3/27/1975
516,516,Birthday,
517,517,Birthday,9/7/1992
518,518,Birthday,5/16/1976
519,519,Birthday,12/1/1982
520,520,Birthday,9/12/1977
521,521,Birthday,
522,522,Birthday,5/12/1986
523,523,Birthday,
524,524,Birthday,
525,525,Birthday,10/19/1979
526,526,Birthday,
527,527,Birthday,12/23/1963
528,528,Birthday,
529,529,Birthday,12/3/1970
530,530,Birthday,3/8/1979
531,531,Birthday,
532,532,Birthday,8/2/1967
533,533,Birthday,2/21/1982
534,534,Birthday,10/7/1974
535,535,Birthday,
536,536,Birthday,8/23/1986
537,537,Birthday,10/11/1988
538,538,Birthday,
539,539,Birthday,9/6/1967
540,540,Birthday,8/3/1964
541,541,Birthday,
542,542,Birthday,1/21/1986
543,543,Birthday,
544,544,Birthday,
545,545,Birthday,
546,546,Birthday,
547,547,Birthday,4/13/1976
548,548,Birthday,
549,549,Birthday,8/24/1996
550,550,Birthday,
551,551,Birthday,
552,552,Birthday,
553,553,Birthday,3/10/1966
554,554,Birthday,
555,555,Birthday,
556,556,Birthday,4/30/1991
557,557,Birthday,5/6/1972
558,558,Birthday,
559,559,Birthday,7/13/1980
560,560,Birthday,2/18/1987
561,561,Birthday,
562,562,Birthday,10/24/1975
563,563,Birthday,
564,564,Birthday,
565,565,Birthday,2/28/1980
566,566,Birthday,1/3/1982
567,567,Birthday,
568,568,Birthday,
569,569,Birthday,
570,570,Birthday,10/26/1985
571,571,Birthday,11/23/1979
572,572,Birthday,
573,573,Birthday,4/19/1967
574,574,Birthday,12/31/1982
575,575,Birthday,1/13/1977
576,576,Birthday,
577,577,Birthday,12/26/1985
578,578,Birthday,11/28/1995
579,579,Birthday,12/5/1966
580,580,Birthday,
581,581,Birthday,
582,582,Birthday,7/24/1982
583,583,Birthday,
584,584,Birthday,5/23/1996
585,585,Birthday,4/20/1995
586,586,Birthday,
587,587,Birthday,
588,588,Birthday,11/16/1976
589,589,Birthday,8/4/1972
590,590,Birthday,3/28/1970
591,591,Birthday,4/2/1995
592,592,Birthday,10/10/1966
593,593,Birthday,11/23/1977
594,594,Birthday,8/31/1969
595,595,Birthday,
596,596,Birthday,
597,597,Birthday,12/26/1972
598,598,Birthday,3/23/1995
599,599,Birthday,
600,600,Birthday,
601,601,Birthday,4/4/1966
602,602,Birthday,9/12/1982
603,603,Birthday,10/24/1995
604,604,Birthday,
605,605,Birthday,10/24/1986
606,606,Birthday,
607,607,Birthday,
608,608,Birthday,1/12/1980
609,609,Birthday,12/22/1996
610,610,Birthday,6/16/1982
611,611,Birthday,2/16/1996
612,612,Birthday,
613,613,Birthday,3/21/1965
614,614,Birthday,
615,615,Birthday,
616,616,Birthday,
617,617,Birthday,
618,618,Birthday,
619,619,Birthday,
620,620,Birthday,
621,621,Birthday,6/3/1969
622,622,Birthday,1/14/1985
623,623,Birthday,
624,624,Birthday,8/26/1984
625,625,Birthday,
626,626,Birthday,
627,627,Birthday,
628,628,Birthday,11/29/1971
629,629,Birthday,12/12/1983
630,630,Birthday,
631,631,Birthday,12/24/1983
632,632,Birthday,
633,633,Birthday,5/4/1992
634,634,Birthday,1/27/1978
635,635,Birthday,10/20/1986
636,636,Birthday,4/30/1977
637,637,Birthday,10/13/1966
638,638,Birthday,4/23/1986
639,639,Birthday,
640,640,Birthday,
641,641,Birthday,9/27/1990
642,642,Birthday,11/1/1989
643,643,Birthday,
644,644,Birthday,3/7/1984
645,645,Birthday,12/1/1968
646,646,Birthday,
647,647,Birthday,9/9/1988
648,648,Birthday,10/7/1989
649,649,Birthday,
650,650,Birthday,3/25/1994
651,651,Birthday,
652,652,Birthday,3/31/1970
653,653,Birthday,8/25/1975
654,654,Birthday,1/6/1973
655,655,Birthday,
656,656,Birthday,4/16/1970
657,657,Birthday,10/21/1994
658,658,Birthday,4/29/1977
659,659,Birthday,8/6/1967
660,660,Birthday,
661,661,Birthday,8/27/1972
662,662,Birthday,
663,663,Birthday,
664,664,Birthday,
665,665,Birthday,
666,666,Birthday,
667,667,Birthday,1/16/1971
668,668,Birthday,11/20/1982
669,669,Birthday,8/23/1967
670,670,Birthday,10/20/1989
671,671,Birthday,
672,672,Birthday,12/11/1964
673,673,Birthday,
674,674,Birthday,10/30/1969
675,675,Birthday,6/17/1986
676,676,Birthday,
677,677,Birthday,2/16/1969
678,678,Birthday,
679,679,Birthday,1/24/1967
680,680,Birthday,6/14/1981
681,681,Birthday,6/21/1985
682,682,Birthday,7/15/1966
683,683,Birthday,2/9/1988
684,684,Birthday,6/22/1987
685,685,Birthday,
686,686,Birthday,3/27/1983
687,687,Birthday,2/10/1988
688,688,Birthday,5/28/1992
689,689,Birthday,
690,690,Birthday,8/16/1984
691,691,Birthday,
692,692,Birthday,2/12/1990
693,693,Birthday,
694,694,Birthday,
695,695,Birthday,6/28/1983
696,696,Birthday,8/7/1973
697,697,Birthday,
698,698,Birthday,6/16/1977
699,699,Birthday,11/2/1987
700,700,Birthday,4/19/1965
701,701,Birthday,6/5/1969
702,702,Birthday,12/3/1964
703,703,Birthday,6/12/1974
704,704,Birthday,9/2/1983
705,705,Birthday,
706,706,Birthday,10/22/1984
707,707,Birthday,4/29/1967
708,708,Birthday,12/6/1996
709,709,Birthday,
710,710,Birthday,
711,711,Birthday,8/9/1987
712,712,Birthday,12/23/1983
713,713,Birthday,4/5/1983
714,714,Birthday,4/16/1967
715,715,Birthday,9/23/1966
716,716,Birthday,10/14/1979
717,717,Birthday,11/17/1992
718,718,Birthday,
719,719,Birthday,
720,720,Birthday,1/4/1986
721,721,Birthday,10/18/1977
722,722,Birthday,4/17/1992
723,723,Birthday,6/3/1994
724,724,Birthday,2/14/1981
725,725,Birthday,12/21/1977
726,726,Birthday,10/15/1988
727,727,Birthday,4/12/1968
728,728,Birthday,4/23/1993
729,729,Birthday,
730,730,Birthday,8/12/1990
731,731,Birthday,
732,732,Birthday,7/27/1970
733,733,Birthday,8/18/1980
734,734,Birthday,11/21/1967
735,735,Birthday,7/30/1994
736,736,Birthday,
737,737,Birthday,
738,738,Birthday,
739,739,Birthday,
740,740,Birthday,
741,741,Birthday,12/15/1979
742,742,Birthday,
743,743,Birthday,
744,744,Birthday,
745,745,Birthday,9/23/1996
746,746,Birthday,
747,747,Birthday,6/5/1984
748,748,Birthday,
749,749,Birthday,
750,750,Birthday,
751,751,Birthday,4/14/1984
752,752,Birthday,1/28/1993
753,753,Birthday,7/8/1984
754,754,Birthday,12/28/1975
755,755,Birthday,2/5/1978
756,756,Birthday,12/9/1967
757,757,Birthday,
758,758,Birthday,
759,759,Birthday,
760,760,Birthday,
761,761,Birthday,
762,762,Birthday,
763,763,Birthday,11/4/1978
764,764,Birthday,
765,765,Birthday,
766,766,Birthday,11/21/1994
767,767,Birthday,
768,768,Birthday,
769,769,Birthday,
770,770,Birthday,8/13/1993
771,771,Birthday,8/7/1979
772,772,Birthday,4/10/1992
773,773,Birthday,7/14/1986
774,774,Birthday,12/28/1981
775,775,Birthday,1/11/1987
776,776,Birthday,
777,777,Birthday,
778,778,Birthday,1/7/1986
779,779,Birthday,4/8/1990
780,780,Birthday,
781,781,Birthday,1/15/1995
782,782,Birthday,
783,783,Birthday,11/10/1991
784,784,Birthday,1/19/1980
785,785,Birthday,7/25/1986
786,786,Birthday,
787,787,Birthday,11/13/1982
788,788,Birthday,6/24/1970
789,789,Birthday,
790,790,Birthday,1/8/1978
791,791,Birthday,12/24/1973
792,792,Birthday,
793,793,Birthday,7/6/1971
794,794,Birthday,
795,795,Birthday,12/11/1989
796,796,Birthday,1/23/1992
797,797,Birthday,3/20/1992
798,798,Birthday,
799,799,Birthday,8/15/1970
800,800,Birthday,7/12/1975
801,801,Birthday,
802,802,Birthday,
803,803,Birthday,12/23/1993
804,804,Birthday,3/18/1968
805,805,Birthday,
806,806,Birthday,2/21/1970
807,807,Birthday,
808,808,Birthday,
809,809,Birthday,
810,810,Birthday,2/9/1977
811,811,Birthday,8/28/1973
812,812,Birthday,4/25/1969
813,813,Birthday,3/30/1980
814,814,Birthday,
815,815,Birthday,
816,816,Birthday,9/23/1971
817,817,Birthday,11/25/1971
818,818,Birthday,
819,819,Birthday,
820,820,Birthday,4/10/1986
821,821,Birthday,9/9/1991
822,822,Birthday,
823,823,Birthday,
824,824,Birthday,10/19/1996
825,825,Birthday,
826,826,Birthday,2/13/1977
827,827,Birthday,3/22/1986
828,828,Birthday,5/14/1987
829,829,Birthday,
830,830,Birthday,4/10/1978
831,831,Birthday,
832,832,Birthday,4/1/1984
833,833,Birthday,3/17/1972
834,834,Birthday,9/7/1969
835,835,Birthday,9/3/1965
836,836,Birthday,
837,837,Birthday,
838,838,Birthday,
839,839,Birthday,
840,840,Birthday,
841,841,Birthday,2/5/1992
842,842,Birthday,
843,843,Birthday,3/17/1971
844,844,Birthday,
845,845,Birthday,
846,846,Birthday,
847,847,Birthday,3/2/1975
848,848,Birthday,
849,849,Birthday,
850,850,Birthday,6/1/1982
851,851,Birthday,6/10/1994
852,852,Birthday,4/8/1976
853,853,Birthday,
854,854,Birthday,3/26/1996
855,855,Birthday,1/11/1967
856,856,Birthday,
857,857,Birthday,9/5/1979
858,858,Birthday,11/5/1995
859,859,Birthday,11/12/1976
860,860,Birthday,4/10/1987
861,861,Birthday,9/17/1978
862,862,Birthday,
863,863,Birthday,
864,864,Birthday,3/16/1967
865,865,Birthday,1/5/1986
866,866,Birthday,
867,867,Birthday,3/6/1978
868,868,Birthday,2/22/1978
869,869,Birthday,11/5/1979
870,870,Birthday,12/28/1986
871,871,Birthday,6/5/1964
872,872,Birthday,
873,873,Birthday,11/29/1983
874,874,Birthday,12/29/1992
875,875,Birthday,5/17/1967
876,876,Birthday,
877,877,Birthday,
878,878,Birthday,11/27/1982
879,879,Birthday,6/9/1982
880,880,Birthday,12/30/1990
881,881,Birthday,1/2/1978
882,882,Birthday,11/20/1986
883,883,Birthday,
884,884,Birthday,11/22/1981
885,885,Birthday,
886,886,Birthday,
887,887,Birthday,
888,888,Birthday,4/7/1978
889,889,Birthday,
890,890,Birthday,9/5/1969
891,891,Birthday,5/26/1965
892,892,Birthday,
893,893,Birthday,
894,894,Birthday,6/11/1982
895,895,Birthday,
896,896,Birthday,10/20/1996
897,897,Birthday,
898,898,Birthday,7/23/1996
899,899,Birthday,
900,900,Birthday,3/12/1996
901,901,Birthday,4/29/1991
902,902,Birthday,10/16/1971
903,903,Birthday,5/31/1990
904,904,Birthday,
905,905,Birthday,
906,906,Birthday,4/17/1975
907,907,Birthday,6/5/1989
908,908,Birthday,
909,909,Birthday,8/10/1996
910,910,Birthday,10/22/1968
911,911,Birthday,
912,912,Birthday,7/10/1988
913,913,Birthday,2/21/1974
914,914,Birthday,9/28/1991
915,915,Birthday,6/9/1986
916,916,Birthday,
917,917,Birthday,
918,918,Birthday,5/4/1974
919,919,Birthday,3/31/1982
920,920,Birthday,1/25/1989
921,921,Birthday,9/13/1982
922,922,Birthday,3/15/1973
923,923,Birthday,5/16/1966
924,924,Birthday,
925,925,Birthday,12/6/1968
926,926,Birthday,1/10/1974
927,927,Birthday,8/5/1970
928,928,Birthday,
929,929,Birthday,
930,930,Birthday,11/24/1982
931,931,Birthday,4/13/1987
932,932,Birthday,
933,933,Birthday,5/14/1985
934,934,Birthday,
935,935,Birthday,8/6/1982
936,936,Birthday,
937,937,Birthday,10/31/1980
938,938,Birthday,
939,939,Birthday,4/3/1983
940,940,Birthday,
941,941,Birthday,5/12/1975
942,942,Birthday,6/4/1996
943,943,Birthday,
944,944,Birthday,12/17/1982
945,945,Birthday,
946,946,Birthday,
947,947,Birthday,7/17/1995
948,948,Birthday,5/30/1974
949,949,Birthday,7/25/1995
950,950,Birthday,8/28/1978
951,951,Birthday,
952,952,Birthday,
953,953,Birthday,8/22/1969
954,954,Birthday,3/10/1978
955,955,Birthday,10/5/1966
956,956,Birthday,
957,957,Birthday,
958,958,Birthday,9/4/1993
959,959,Birthday,
960,960,Birthday,1/29/1972
961,961,Birthday,
962,962,Birthday,
963,963,Birthday,
964,964,Birthday,5/15/1989
965,965,Birthday,4/29/1971
966,966,Birthday,
967,967,Birthday,10/28/1972
968,968,Birthday,
969,969,Birthday,7/11/1996
970,970,Birthday,12/21/1986
971,971,Birthday,
972,972,Birthday,12/18/1980
973,973,Birthday,
974,974,Birthday,4/29/1970
975,975,Birthday,
976,976,Birthday,
977,977,Birthday,1/8/1985
978,978,Birthday,
979,979,Birthday,
980,980,Birthday,8/15/1985
981,981,Birthday,3/5/1976
982,982,Birthday,3/1/1978
983,983,Birthday,5/17/1992
984,984,Birthday,2/25/1983
985,985,Birthday,12/10/1972
986,986,Birthday,4/2/1970
987,987,Birthday,8/17/1978
988,988,Birthday,
989,989,Birthday,
990,990,Birthday,
991,991,Birthday,
992,992,Birthday,
993,993,Birthday,5/15/1989
994,994,Birthday,2/5/1996
995,995,Birthday,7/5/1971
996,996,Birthday,12/31/1995
997,997,Birthday,
998,998,Birthday,3/7/1993
999,999,Birthday,8/12/1977
1000,1000,Birthday,
